id,strategy,symbol,order_type,quantity,entry_price,exit_price,entry_time,exit_time,realised_pnl,status,paper_trade,notes
e26caff0-c3df-41d5-b56c-3336a27d0f0e,wave_extractor,NSE_FO|54510,SELL,75,324.3,324.3,2026-03-20T12:36:35.925278,2026-04-01T10:20:33.042049,0.0,CANCELLED,1,"Auto-cancelled by morning_reset"
a095ccfa-e7eb-4034-a411-0b8eee959602,wave_extractor,NSE_FO|54510,SELL,75,329.75,329.75,2026-03-20T12:36:46.291431,2026-04-01T10:20:33.042049,0.0,CANCELLED,1,"Auto-cancelled by morning_reset"
74e2f871-e7f3-4629-b42b-3b4cf13b96b2,survivor,NSE_FO|NIFTY26MAR2500600CE,SELL,75,0.0,0.0,2026-03-20T12:36:51.637462,2026-04-01T10:20:33.042049,0.0,CANCELLED,1,"Auto-cancelled by morning_reset"
14d88c4b-a07f-4fe1-ae98-eace2b7e03dd,wave_extractor,NSE_FO|54510,SELL,75,359.0,359.0,2026-03-20T13:32:01.892374,2026-04-01T10:20:33.042049,0.0,CANCELLED,1,"Auto-cancelled by morning_reset"
ce0adb92-1c84-4a79-b0e8-4ac9e273351e,wave_extractor,NSE_FO|54510,SELL,75,365.75,365.75,2026-03-20T13:32:14.546492,2026-04-01T10:20:33.042049,0.0,CANCELLED,1,"Auto-cancelled by morning_reset"
16a6fc38-9a7e-4748-a12e-d890bafce48b,survivor,NSE_FO|NIFTY26MAR2500650CE,SELL,75,0.0,0.0,2026-03-20T13:32:18.133251,2026-04-01T10:20:33.042049,0.0,CANCELLED,1,"Auto-cancelled by morning_reset"
2cd530d8-1427-4184-80e1-44d733777643,wave_extractor,NSE_FO|54510,SELL,75,373.3,373.3,2026-03-20T13:34:45.133719,2026-04-01T10:20:33.042049,0.0,CANCELLED,1,"Auto-cancelled by morning_reset"
09c12ecb-706d-4ebf-a6b3-3dc7b55d9d18,wave_extractor,NSE_FO|54510,SELL,75,377.85,377.85,2026-03-20T13:34:55.981540,2026-04-01T10:20:33.042049,0.0,CANCELLED,1,"Auto-cancelled by morning_reset"
f67658d9-844e-48b1-92d1-637e8ccd822e,wave_extractor,NSE_FO|54510,SELL,75,370.6,370.6,2026-03-20T13:47:43.428195,2026-04-01T10:20:33.042049,0.0,CANCELLED,1,"Auto-cancelled by morning_reset"
91663109-7499-4f05-8a7d-84023c643fd8,wave_extractor,NSE_FO|54510,SELL,75,375.85,375.85,2026-03-20T13:47:54.132363,2026-04-01T10:20:33.042049,0.0,CANCELLED,1,"Auto-cancelled by morning_reset"
28be434f-789e-4cdb-948b-6759f0b7242e,wave_extractor,NSE_FO|54510,SELL,75,383.95,383.95,2026-03-20T13:48:04.185711,2026-04-01T10:20:33.042049,0.0,CANCELLED,1,"Auto-cancelled by morning_reset"
387f4a44-d4c5-427a-ac92-f83fd189486d,wave_extractor,NSE_FO|54510,SELL,75,396.45,396.45,2026-03-20T13:48:14.538171,2026-04-01T10:20:33.042049,0.0,CANCELLED,1,"Auto-cancelled by morning_reset"
6c79dff1-dc4f-49bf-869d-52a83c226518,wave_extractor,NSE_FO|54510,SELL,75,345.65,345.65,2026-03-20T13:59:08.401947,2026-04-01T10:20:33.042049,0.0,CANCELLED,1,"Auto-cancelled by morning_reset"
24116d61-d5bd-4c34-a1c0-38f5430ebc44,wave_extractor,NSE_FO|54510,SELL,75,350.7,350.7,2026-03-20T13:59:18.600959,2026-04-01T10:20:33.042049,0.0,CANCELLED,1,"Auto-cancelled by morning_reset"
3645e61f-6c9c-48c9-8e05-ca967eee85b1,wave_extractor,NSE_FO|54510,SELL,75,357.05,357.05,2026-03-20T13:59:30.152675,2026-04-01T10:20:33.042049,0.0,CANCELLED,1,"Auto-cancelled by morning_reset"
0cd7c62f-13fc-432b-a36a-cade39f726c5,wave_extractor,NSE_FO|54510,SELL,75,366.45,366.45,2026-03-20T13:59:40.501498,2026-04-01T10:20:33.042049,0.0,CANCELLED,1,"Auto-cancelled by morning_reset"
0b2cb34d-5d3f-4ef6-b3ee-d7fc36f8a51f,unknown,NSE_FO|NIFTY23JUN2624050CE,SELL,65,34.1,,2026-06-23T08:41:36,,0.0,CLOSED,1,ORPHANED|RECONSTRUCTED_NO_EXIT_FOUND
d910aa3e-fe4b-4619-b921-3ba502fe2b07,unknown,NSE_FO|NIFTY30JUN2623550PE,SELL,65,16.0,,2026-06-24T04:00:07,,0.0,CLOSED,1,ORPHANED|RECONSTRUCTED_NO_EXIT_FOUND
05fd7a47-1e1e-4623-b0ea-dc938a38749c,unknown,NSE_FO|NIFTY30JUN2624050CE,SELL,65,28.3,,2026-06-24T04:18:27,,0.0,CLOSED,1,ORPHANED|RECONSTRUCTED_NO_EXIT_FOUND
9ad44b53-f76c-4497-8765-3eb3d039045a,unknown,NSE_FO|56376,SELL,65,163.35,,2026-06-24T04:31:03,,0.0,CLOSED,1,ORPHANED|RECONSTRUCTED_NO_EXIT_FOUND
658e7f1c-7fb8-4fe5-96d7-5f0784b2d91f,unknown,NSE_FO|56376,SELL,65,195.2,,2026-06-24T04:45:06,,0.0,CLOSED,1,ORPHANED|RECONSTRUCTED_NO_EXIT_FOUND
8b1ad4a6-b93c-4e39-a8d2-c74759a37a11,unknown,NSE_FO|56376,SELL,65,194.2,,2026-06-24T04:57:26,,0.0,CLOSED,1,ORPHANED|RECONSTRUCTED_NO_EXIT_FOUND
9a2fef8a-078e-4430-aea6-8b76a5029b3c,unknown,NSE_FO|NIFTY30JUN2624250CE,SELL,65,18.9,,2026-06-24T05:13:56,,0.0,CLOSED,1,ORPHANED|RECONSTRUCTED_NO_EXIT_FOUND
62c7b7f8-6331-47cd-b0e2-ac2464e8afbd,unknown,NSE_FO|NIFTY30JUN2623650PE,SELL,65,18.3,,2026-06-24T05:30:42,,0.0,CLOSED,1,ORPHANED|RECONSTRUCTED_NO_EXIT_FOUND
9d944ddc-6f45-432c-9ab1-24dd5d4e9817,unknown,NSE_FO|NIFTY30JUN2624300CE,SELL,65,15.7,,2026-06-24T06:00:56,,0.0,CLOSED,1,ORPHANED|RECONSTRUCTED_NO_EXIT_FOUND
177952c0-4160-40cb-9a4e-823c8c391384,unknown,NSE_FO|NIFTY30JUN2623650PE,SELL,65,16.4,,2026-06-24T06:06:53,,0.0,CLOSED,1,ORPHANED|RECONSTRUCTED_NO_EXIT_FOUND
4c2fbad3-a2b2-4038-bd7d-e9c20879ee9a,survivor,NSE_FO|NIFTY30JUN2623800PE,SELL,65,14.9,,2026-06-25T04:00:09,,0.0,CLOSED,1,ORPHANED|RECONSTRUCTED_NO_EXIT_FOUND
62cd3204-f3cd-49e3-90a6-ab08a2461624,survivor,NSE_FO|NIFTY30JUN2623650PE,BUY,65,1.0,,2026-06-25T04:00:09,,0.0,CLOSED,1,ORPHANED|RECONSTRUCTED_NO_EXIT_FOUND
d7d7b45a-dd09-4934-acb0-e5d15ee8ddad,survivor,NSE_FO|NIFTY30JUN2624000PE,SELL,65,32.9,,2026-06-25T04:42:05,,0.0,CLOSED,1,ORPHANED|RECONSTRUCTED_NO_EXIT_FOUND
7b1c66f6-4a70-4f21-bce0-dfa01df87c1f,survivor,NSE_FO|NIFTY30JUN2623850PE,BUY,65,18.9,,2026-06-25T04:42:05,,0.0,CLOSED,1,ORPHANED|RECONSTRUCTED_NO_EXIT_FOUND
c05e1443-bccc-4d7b-b3b8-30a9b4e528d6,survivor,NSE_FO|79738,SELL,65,24.7,,2026-06-29T04:00:47,,0.0,CLOSED,1,ORPHANED|RECONSTRUCTED_NO_EXIT_FOUND
d8a62083-77b8-4828-a9f0-93401e97f67c,survivor,NSE_FO|NIFTY30JUN2624400CE,BUY,65,16.2,,2026-06-29T04:00:47,,0.0,CLOSED,1,ORPHANED|RECONSTRUCTED_NO_EXIT_FOUND
97a22cad-add7-4311-99ff-cbb85e2500b1,survivor,NSE_FO|79738,SELL,65,21.5,,2026-06-29T04:35:07,,0.0,CLOSED,1,ORPHANED|RECONSTRUCTED_NO_EXIT_FOUND
818fc2d4-b124-4e33-84f5-c1a6c4329e8b,survivor,NSE_FO|NIFTY30JUN2624400CE,BUY,65,15.5,,2026-06-29T04:35:07,,0.0,CLOSED,1,ORPHANED|RECONSTRUCTED_NO_EXIT_FOUND
2e08e2bf-2a46-4d17-9a42-14909e8c9dbe,survivor,NSE_FO|79723,SELL,65,23.3,,2026-06-29T04:54:58,,0.0,CLOSED,1,ORPHANED|RECONSTRUCTED_NO_EXIT_FOUND
9daebe8f-2817-43ab-bfe1-4322f8ff4a11,survivor,NSE_FO|NIFTY30JUN2623750PE,BUY,65,15.0,,2026-06-29T04:54:58,,0.0,CLOSED,1,ORPHANED|RECONSTRUCTED_NO_EXIT_FOUND
f4a19156-8db5-4173-82e7-1e2c5d382534,unknown,NSE_FO|79732,SELL,65,92.55,,2026-06-29T04:55:53,,0.0,CLOSED,1,ORPHANED|RECONSTRUCTED_NO_EXIT_FOUND
90428814-3d70-4f29-878d-ee445cf56f4f,unknown,NSE_FO|79732,SELL,65,54.4,,2026-06-29T08:18:04,,0.0,CLOSED,1,ORPHANED|RECONSTRUCTED_NO_EXIT_FOUND
fd9d4062-931c-45d4-b362-93431b2f316b,unknown,NSE_FO|79732,BUY,65,73.9,,2026-06-29T08:18:09,,0.0,CLOSED,1,ORPHANED|RECONSTRUCTED_NO_EXIT_FOUND
a494fe09-7119-4645-af50-8b380f89f85f,unknown,NSE_FO|79732,BUY,65,73.8,,2026-06-29T08:18:10,,0.0,CLOSED,1,ORPHANED|RECONSTRUCTED_NO_EXIT_FOUND
2d033b34-b0c3-451a-aa00-4e8cf1a2086c,unknown,NSE_FO|79732,BUY,65,74.75,,2026-06-29T08:25:30,,0.0,CLOSED,1,ORPHANED|RECONSTRUCTED_NO_EXIT_FOUND
4fd6feb7-b1e6-46a5-a419-7daf8fb71dcc,unknown,NSE_FO|79732,BUY,65,76.75,,2026-06-29T08:25:35,,0.0,CLOSED,1,ORPHANED|RECONSTRUCTED_NO_EXIT_FOUND
404e02cd-b73a-4fa3-b3d0-4866875cf7dc,unknown,NSE_FO|79732,SELL,65,57.05,,2026-06-29T08:25:36,,0.0,CLOSED,1,ORPHANED|RECONSTRUCTED_NO_EXIT_FOUND
665f726f-6b36-4c0c-8905-6d6896e3f11d,wave_extractor,NSE_FO|79722,SELL,65,45.6,155.9,2026-06-30T08:54:20,2026-07-01T14:10:42,-7226.95,CLOSED,1,ORPHANED|SUSPICIOUS_LARGE_LOSS_PRE_MARKET
8a6d3374-4f6f-4c14-b014-56fe87266b21,wave_extractor,NSE_FO|44635,SELL,65,136.6,152.6,2026-07-02T09:09:17,2026-07-02T09:11:04,-1108.72,CLOSED,1,""
0b0818f4-fd82-48a2-be16-31cb9b39d4fa,survivor,NSE_FO|44621,SELL,65,45.0,43.6,2026-07-02T09:33:49,2026-07-02T09:51:36,36.9,CLOSED,1,EOD
6b0f6109-42c5-4c50-8b69-9ab3865e3824,survivor,NSE_FO|NIFTY07JUL2623850PE,BUY,65,18.2,17.6,2026-07-02T09:33:49,2026-07-02T09:51:35,-10.99,CLOSED,1,EOD
a811df59-5bf8-4ee8-81f7-9e9f9425504b,survivor,NSE_FO|44662,SELL,65,46.5,36.6,2026-07-03T09:34:51,2026-07-03T11:20:52,589.43,CLOSED,1,TP_HIT
fa4dc858-4698-4e43-b9e5-04589863916b,survivor,NSE_FO|44662,SELL,65,41.3,40.0,2026-07-03T09:45:03,2026-07-03T12:14:03,30.98,CLOSED,1,EOD
72f49e7d-3d30-48e9-984f-89d8d765aaaf,survivor,NSE_FO|44662,SELL,65,39.3,38.1,2026-07-03T09:58:44,2026-07-03T12:14:02,24.77,CLOSED,1,EOD
16700959-0456-42cb-8f10-bb6c2d0d84bc,survivor,NSE_FO|44641,SELL,65,42.7,41.4,2026-07-03T11:05:24,2026-07-03T12:14:02,30.76,CLOSED,1,EOD
709e27aa-b1c4-4fc0-970b-002e9498db7e,survivor,NSE_FO|44662,SELL,65,35.8,34.7,2026-07-03T11:09:36,2026-07-03T12:14:01,18.81,CLOSED,1,EOD
a7fb5846-155c-4732-a094-fdc09e6532e5,survivor,NSE_FO|44662,SELL,65,34.1,33.0,2026-07-03T11:18:11,2026-07-03T12:14:00,19.07,CLOSED,1,EOD
fa5fcedc-7834-4c9f-b582-f95bc1007c44,survivor,NSE_FO|44662,SELL,65,34.0,32.9,2026-07-03T11:29:34,2026-07-03T12:13:59,19.1,CLOSED,1,EOD
e0011a82-7f3c-4806-a3bf-15607e6ee9cf,survivor,NSE_FO|44641,SELL,65,24.5,14.1,2026-07-06T09:30:16,2026-07-06T13:07:20,625.33,CLOSED,1,TP_HIT
2da0324e-5fdb-4889-8f01-9f7b2c005a65,survivor,NSE_FO|44643,SELL,65,28.1,19.2,2026-07-06T10:12:41,2026-07-06T13:09:46,527.23,CLOSED,1,TP_HIT
1230f7b6-cf99-4a1d-a96b-f2a30ddb98dc,survivor,NSE_FO|44643,SELL,65,26.8,17.9,2026-07-06T10:18:33,2026-07-06T13:38:32,527.43,CLOSED,1,TP_HIT
962ba47b-bece-4f8e-bff6-ce14f3327f3d,unknown,NSE_FO|44664,SELL,65,18.3,,2026-07-06T11:41:31,,0.0,CLOSED,1,ORPHANED|RECONSTRUCTED_NO_EXIT_FOUND
5ba8e6b0-c240-4f34-b553-a19e2e4fbe87,survivor,NSE_FO|44643,SELL,65,22.5,,2026-07-06T11:46:56,,0.0,CLOSED,1,ORPHANED|RECONSTRUCTED_NO_EXIT_FOUND
ce10b45b-0fd9-4e31-b811-38d4c98d04fb,survivor,NSE_FO|44664,SELL,65,18.6,,2026-07-06T11:52:08,,0.0,CLOSED,1,ORPHANED|RECONSTRUCTED_NO_EXIT_FOUND
12ae8cbe-9b60-41b3-9318-d12167b70cc4,unknown,NSE_FO|44646,SELL,65,29.0,,2026-07-06T12:29:51,,0.0,CLOSED,1,ORPHANED|RECONSTRUCTED_NO_EXIT_FOUND
d7aedee8-e91a-4cf1-872b-178ddb79539d,survivor,NSE_FO|44646,SELL,65,27.3,,2026-07-06T12:50:57,,0.0,CLOSED,1,ORPHANED|RECONSTRUCTED_NO_EXIT_FOUND
da4b666a-1167-46d9-a0d6-a19b1ca92f85,survivor,NSE_FO|44664,SELL,65,22.1,,2026-07-06T13:19:39,,0.0,CLOSED,1,ORPHANED|RECONSTRUCTED_NO_EXIT_FOUND
1031a335-e721-4458-b3a5-7d8de89a30a8,survivor,NSE_FO|44664,SELL,65,20.1,,2026-07-06T13:44:59,,0.0,CLOSED,1,ORPHANED|RECONSTRUCTED_NO_EXIT_FOUND
fd6795cb-d327-49cf-bc4b-edf2344c7f91,survivor,NSE_FO|44664,SELL,65,15.3,,2026-07-06T14:09:20,,0.0,CLOSED,1,ORPHANED|RECONSTRUCTED_NO_EXIT_FOUND
b9b24311-aea2-40f9-8a41-b997da0d3d80,survivor,NSE_FO|44662,SELL,65,24.0,,2026-07-06T14:28:32,,0.0,CLOSED,1,ORPHANED|RECONSTRUCTED_NO_EXIT_FOUND
daa74d27-21f4-4f78-99fd-afcfc78369a7,survivor,NSE_FO|44662,SELL,65,22.0,,2026-07-06T14:44:39,,0.0,CLOSED,1,ORPHANED|RECONSTRUCTED_NO_EXIT_FOUND
f13b035a-dfa3-4628-a220-2a63caa9a9e7,survivor,NSE_FO|44651,SELL,65,16.4,6.6,2026-07-07T09:30:47,2026-07-07T11:00:38,587.56,CLOSED,1,TP_HIT
b5daa088-19b1-4114-b04b-c958ef91c55d,survivor,NSE_FO|44655,SELL,65,20.8,11.8,2026-07-07T09:43:03,2026-07-07T11:00:40,534.85,CLOSED,1,TP_HIT
4b4cea6a-3f52-4b4c-965a-230eeb35d8da,survivor,NSE_FO|44655,SELL,65,16.3,8.8,2026-07-07T10:41:15,2026-07-07T11:32:15,438.01,CLOSED,1,TP_HIT
47654028-5eff-40a0-b248-77cc6ec38402,survivor,NSE_FO|44664,SELL,65,15.4,,2026-07-07T11:38:43,,0.0,CLOSED,1,ORPHANED|RECONSTRUCTED_NO_EXIT_FOUND
a208d900-2894-4db0-a1b6-96a8d4681932,survivor,NSE_FO|44662,SELL,65,33.0,,2026-07-07T11:42:54,,0.0,CLOSED,1,ORPHANED|RECONSTRUCTED_NO_EXIT_FOUND
8634225c-578c-433f-914a-0ce9cc1b30a6,survivor,NSE_FO|44662,SELL,65,27.3,,2026-07-07T12:13:44,,0.0,CLOSED,1,ORPHANED|RECONSTRUCTED_NO_EXIT_FOUND
c3d372ad-9fa3-4d28-a986-baa35af507a9,survivor,NSE_FO|51376,SELL,65,97.1,78.3,2026-07-08T09:46:39,2026-07-08T10:39:47,1165.91,CLOSED,1,REGIME_CHANGE
f508a9d2-8224-4d74-a0f7-8635448ed165,survivor,NSE_FO|51376,SELL,65,89.4,78.3,2026-07-08T09:56:39,2026-07-08T10:39:46,665.94,CLOSED,1,REGIME_CHANGE
f7f5ce8d-99e2-4ec9-9902-33e109ac8e5c,survivor,NSE_FO|51376,SELL,65,92.7,89.7,2026-07-08T10:03:04,2026-07-08T10:11:21,138.87,CLOSED,1,EOD
cbb58907-929b-49fb-8b82-0c5e67d7a31a,survivor,NSE_FO|51391,SELL,65,64.2,65.0,2026-07-08T10:47:18,2026-07-08T10:51:41,-105.46,CLOSED,1,REGIME_CHANGE
b5af2515-de90-4208-9c9c-182a40c2ddc6,survivor,NSE_FO|51378,SELL,65,91.0,93.8,2026-07-08T10:58:56,2026-07-08T11:06:02,-238.13,CLOSED,1,REGIME_CHANGE
f7d636bf-1fa1-4729-a1b2-8b08b3088907,survivor,NSE_FO|51378,SELL,65,91.9,104.6,2026-07-08T11:10:46,2026-07-08T11:41:52,-882.0,CLOSED,1,REGIME_CHANGE
020e7c4b-44cd-44fb-bc58-441f7ba4886c,survivor,NSE_FO|51387,SELL,65,74.7,48.3,2026-07-08T12:51:20,2026-07-08T14:16:46,1662.31,CLOSED,1,REGIME_CHANGE
924a3796-7f14-4d40-9788-b3be9e3838e8,survivor,NSE_FO|51348,SELL,65,70.8,73.8,2026-07-08T15:02:13,2026-07-08T15:02:19,-249.17,CLOSED,1,LOSS_LIMIT
ae673f55-4f22-4ba8-9b31-5838ff7774d9,survivor,NSE_FO|51371,SELL,65,53.9,55.9,2026-07-10T09:30:15,2026-07-10T09:30:20,-182.5,CLOSED,1,LOSS_LIMIT
31f2a894-edbb-4773-80b5-773ed1eee594,survivor,NSE_FO|51374,SELL,65,53.0,55.7,2026-07-10T14:11:45,2026-07-10T14:11:51,-227.93,CLOSED,1,LOSS_LIMIT
44047ddd-82a7-419a-883a-505d5a9c093e,bn_survivor,NSE_FO|BANKNIFTY28JUL2659500CE,SELL,65,126.5,122.6,2026-07-13T09:33:54,2026-07-13T09:37:57,194.12,CLOSED,1,ORPHANED|WRONG_LOT_SIZE_65_SHOULD_BE_15
2da32283-53a0-47c9-9f9b-f2eef3e03dbc,survivor,NSE_FO|51381,SELL,65,14.7,18.1,2026-07-13T09:33:56,2026-07-13T09:37:56,-269.73,CLOSED,1,REGIME_CHANGE
ccdb129d-89d5-4d14-85e4-1cf2ec3207ea,survivor,NSE_FO|51379,SELL,65,21.6,26.9,2026-07-13T09:33:57,2026-07-13T09:37:56,-393.96,CLOSED,1,REGIME_CHANGE
295476de-95ab-46df-8e9a-fbba42a82437,bn_survivor,NSE_FO|BANKNIFTY28JUL2659800CE,SELL,65,120.5,116.8,2026-07-13T10:05:10,2026-07-13T10:10:10,181.69,CLOSED,1,ORPHANED|WRONG_LOT_SIZE_65_SHOULD_BE_15
4eac907e-b72c-4ab3-b51a-149be860e5cf,survivor,NSE_FO|51385,SELL,65,20.8,22.2,2026-07-13T10:05:20,2026-07-13T10:10:09,-140.26,CLOSED,1,REGIME_CHANGE
2466dd0d-043e-45ee-80fd-560a07362fef,bn_survivor,NSE_FO|BANKNIFTY28JUL2655800PE,SELL,65,164.1,159.0,2026-07-13T10:11:13,2026-07-13T10:20:34,268.5,CLOSED,1,ORPHANED|WRONG_LOT_SIZE_65_SHOULD_BE_15
5b3e280d-643d-4128-a291-e07e5dce92db,survivor,NSE_FO|51363,SELL,65,23.1,23.6,2026-07-13T10:11:14,2026-07-13T10:20:33,-81.96,CLOSED,1,REGIME_CHANGE
05051ed5-2871-45aa-87b1-81d403ab5139,bn_survivor,NSE_FO|BANKNIFTY28JUL2659900CE,SELL,65,123.0,136.4,2026-07-13T10:56:24,2026-07-13T11:09:30,-930.55,CLOSED,1,ORPHANED|WRONG_LOT_SIZE_65_SHOULD_BE_15
40b93898-11ce-4473-8cc2-1244a20b3549,survivor,NSE_FO|51387,SELL,65,16.0,21.3,2026-07-13T10:56:47,2026-07-13T11:09:31,-393.41,CLOSED,1,LOSS_LIMIT
de4e9e16-3359-44d6-b012-086bb3dfa25e,bn_survivor,NSE_FO|BANKNIFTY28JUL2655900PE,SELL,65,164.9,166.2,2026-07-13T10:57:55,2026-07-13T11:09:29,-147.76,CLOSED,1,ORPHANED|WRONG_LOT_SIZE_65_SHOULD_BE_15
ca9b9e93-d681-4223-a249-6e18f53bfeb9,survivor,NSE_FO|51363,SELL,65,20.2,20.9,2026-07-13T10:58:47,2026-07-13T11:09:30,-94.68,CLOSED,1,LOSS_LIMIT
a7470408-58b6-488d-bf6f-25bb2e486d41,bn_survivor,NSE_FO|61834,SELL,65,158.6,168.3,2026-07-13T12:28:59,2026-07-13T12:32:21,-693.41,CLOSED,1,ORPHANED|WRONG_LOT_SIZE_65_SHOULD_BE_15
7b1eec38-0e90-481c-8c49-db23157a1135,survivor,NSE_FO|51389,SELL,65,17.9,19.8,2026-07-13T12:29:09,2026-07-13T12:32:20,-172.5,CLOSED,1,MANUAL
b901750d-cea7-4319-8848-bcbdcd6a34bc,bn_survivor,NSE_FO|61937,SELL,65,132.5,139.7,2026-07-14T10:23:29,2026-07-14T10:26:42,-528.29,CLOSED,1,ORPHANED|WRONG_LOT_SIZE_65_SHOULD_BE_15
9309021e-d743-4137-8b91-70c640a301be,bn_survivor,NSE_FO|61820,SELL,65,163.1,160.9,2026-07-14T10:31:51,2026-07-14T12:19:43,80.01,CLOSED,1,ORPHANED|WRONG_LOT_SIZE_65_SHOULD_BE_15
504c9a5b-4216-489e-ae0b-7f4a64a5a05a,survivor,NSE_FO|51371,SELL,65,16.6,10.1,2026-07-14T10:33:24,2026-07-14T11:13:53,373.87,CLOSED,1,TP_HIT
4a844975-3a19-44f0-b48d-6a6620e8b77f,survivor,NSE_FO|51379,SELL,65,15.8,9.6,2026-07-14T11:17:48,2026-07-14T11:41:21,354.45,CLOSED,1,TP_HIT
c14f4822-46d2-4fea-8a56-af3fe8eeead1,survivor,NSE_FO|51377,SELL,65,17.9,10.9,2026-07-14T11:41:44,2026-07-14T12:15:19,406.26,CLOSED,1,TP_HIT
6096740f-8af7-4484-b7f4-5d99faeef46c,bn_survivor,NSE_FO|61822,SELL,65,166.1,182.4,2026-07-14T12:22:51,2026-07-14T13:37:57,-1123.33,CLOSED,1,ORPHANED|WRONG_LOT_SIZE_65_SHOULD_BE_15
82c8f93d-bdac-4061-a398-a95445f58abe,survivor,NSE_FO|51371,SELL,65,14.7,8.5,2026-07-14T12:24:32,2026-07-14T13:20:21,354.55,CLOSED,1,TP_HIT
cc0217c5-84ad-4232-8251-e1e099ff5ae2,survivor,NSE_FO|51375,SELL,65,18.8,11.5,2026-07-14T13:25:22,2026-07-14T13:37:51,425.68,CLOSED,1,TP_HIT
74aafa96-46a5-49bf-a874-2cb82c0ccd37,bn_survivor,NSE_FO|61927,SELL,65,130.8,137.6,2026-07-14T13:42:17,2026-07-14T13:44:16,-502.12,CLOSED,1,ORPHANED|WRONG_LOT_SIZE_65_SHOULD_BE_15
838602d0-a172-4855-83d7-a3e26a3070d5,bn_survivor,NSE_FO|61820,SELL,65,167.6,174.3,2026-07-14T13:49:27,2026-07-14T14:30:41,-499.19,CLOSED,1,ORPHANED|WRONG_LOT_SIZE_65_SHOULD_BE_15
91e144ee-d52f-4fd5-a49a-e3682f29cbc6,survivor,NSE_FO|51374,SELL,65,25.3,33.5,2026-07-14T13:49:48,2026-07-14T14:28:18,-582.9,CLOSED,1,LOSS_LIMIT
46483fed-d255-45c3-affa-e2140c4641a6,wave_extractor,NSE_FO|51373,SELL,65,29.9,17.4,2026-07-14T14:35:24,2026-07-14T14:36:51,762.76,CLOSED,1,""
dbcb0050-bb0b-4a73-86cf-8c90b0a04456,bn_survivor,NSE_FO|61820,SELL,65,160.1,165.2,2026-07-14T14:37:26,2026-07-14T14:39:23,-394.41,CLOSED,1,ORPHANED|WRONG_LOT_SIZE_65_SHOULD_BE_15
2681f6fb-8901-47de-8033-ffad37f6c36f,bn_survivor,NSE_FO|61937,SELL,65,126.3,132.9,2026-07-14T14:59:37,2026-07-14T15:02:11,-488.67,CLOSED,1,ORPHANED|WRONG_LOT_SIZE_65_SHOULD_BE_15
9f955375-2009-470e-ab55-ca49077c7467,survivor,NSE_FO|57330,SELL,65,36.8,37.2,2026-07-15T10:01:29,2026-07-15T12:35:42,-76.79,CLOSED,1,LOSS_LIMIT
5899cf2b-8801-4a90-a1cd-9d86c783e428,bn_survivor,NSE_FO|61838,SELL,65,151.0,168.1,2026-07-15T10:01:33,2026-07-15T11:45:32,-1173.88,CLOSED,1,ORPHANED|WRONG_LOT_SIZE_65_SHOULD_BE_15
92fbaa9e-6567-4a9b-985d-56496038281c,bn_survivor,NSE_FO|61836,SELL,65,147.3,129.6,2026-07-15T11:45:47,2026-07-15T12:15:32,1089.5,CLOSED,1,ORPHANED|WRONG_LOT_SIZE_65_SHOULD_BE_15
a1ed13e8-0975-4918-8099-73a0cb680866,bn_survivor,NSE_FO|61840,SELL,65,148.7,163.7,2026-07-15T12:17:50,2026-07-15T12:35:42,-1037.09,CLOSED,1,ORPHANED|WRONG_LOT_SIZE_65_SHOULD_BE_15
21ffed2c-782e-447e-b777-a58511f63369,wave_extractor,NSE_FO|57346,BUY,65,121.2,136.0,2026-07-15T12:56:00,2026-07-15T12:56:52,-1019.98,CLOSED,1,|PNL_SIGN_BUG_IGNORE
0fc2ad2a-87c6-4fa4-993b-51d2ddffeaff,bn_survivor,NSE_FO|61939,SELL,65,124.1,136.4,2026-07-15T13:28:29,2026-07-15T14:15:45,-859.12,CLOSED,1,ORPHANED|WRONG_LOT_SIZE_65_SHOULD_BE_15
bbab745d-2259-47fa-b472-c38399179040,survivor,NSE_FO|57358,SELL,65,31.7,34.4,2026-07-15T13:28:33,2026-07-15T14:15:44,-225.86,CLOSED,1,LOSS_LIMIT
197df8b9-5f9d-4fb9-acf5-dfa989e88712,survivor,NSE_FO|57358,SELL,65,26.3,26.4,2026-07-16T09:33:31,2026-07-16T09:37:35,-56.26,CLOSED,1,REGIME_CHANGE
79bd3221-29d1-47ff-a135-5bfb7e28bc8f,survivor,NSE_FO|57330,SELL,65,27.7,25.0,2026-07-16T09:45:01,2026-07-16T10:51:22,125.69,CLOSED,1,REGIME_CHANGE
4d214bcc-81e3-49a6-8d50-842ef6cc6dc9,wave_extractor,NSE_FO|57344,SELL,65,193.4,118.2,2026-07-16T11:00:37,2026-07-16T12:43:34,4824.2,CLOSED,1,""
42e34290-3c02-42b4-be9a-1451aae84956,survivor,NSE_FO|57360,SELL,65,22.5,18.9,2026-07-16T11:12:58,2026-07-16T12:01:44,184.72,CLOSED,1,REGIME_CHANGE
f176acd9-c20c-4cee-8fd7-a4ad9b0a332f,survivor,NSE_FO|57358,SELL,65,24.5,25.6,2026-07-16T12:16:05,2026-07-16T12:17:56,-121.11,CLOSED,1,REGIME_CHANGE
2374dc8b-6957-4dc5-a13c-3a95168ae6be,survivor,NSE_FO|57358,SELL,65,23.5,24.5,2026-07-16T12:44:19,2026-07-16T12:46:18,-114.52,CLOSED,1,REGIME_CHANGE
8e7bcc63-72e1-40f3-88d5-2c1aeaeacec8,wave_extractor,NSE_FO|57344,BUY,65,131.6,146.5,2026-07-16T12:45:49,2026-07-16T12:46:53,-1027.48,CLOSED,1,|PNL_SIGN_BUG_IGNORE
2a7bee0d-7406-442c-934e-ca3492016891,wave_extractor,NSE_FO|57344,SELL,65,133.4,149.0,2026-07-16T12:46:54,2026-07-16T12:46:54,-1074.62,CLOSED,1,""
ab3a17b0-2f34-400e-961b-85ec6f24c47a,survivor,NSE_FO|57328,SELL,65,25.4,23.7,2026-07-16T13:57:18,2026-07-16T14:16:39,60.88,CLOSED,1,REGIME_CHANGE
b4756fe2-40f9-4503-a2d8-d1e73dbb948f,survivor,NSE_FO|57356,SELL,65,24.5,,2026-07-16T14:28:44,,0.0,CLOSED,1,ORPHANED|RECONSTRUCTED_NO_EXIT_FOUND
816a5a12-0e22-40c2-834d-47a2f4e623fa,bn_survivor,NSE_FO|61838,SELL,15,96.2,95.4,2026-07-22T10:49:12.781060,2026-07-22T11:20:02.266000,-37.35,CLOSED,1,REGIME_CHANGE_RECONCILED_MANUAL
c8ff7c53-f0c4-4b87-aea0-52177e718cfa,survivor,NSE_FO|63918,SELL,65,29.8,28.7,2026-07-22T10:49:26.146371,2026-07-22T11:20:02.164000,21.44,CLOSED,1,REGIME_CHANGE_RECONCILED_MANUAL
12006657-63ca-414f-b33f-e98e690e0c62,survivor,NSE_FO|63918,SELL,65,34.2,31.9,2026-07-22T12:47:34.887669,2026-07-22T12:59:46.737288,99.05,CLOSED,1,REGIME_CHANGE
e7e890aa-46c4-4216-b3f1-fc895d209e0e,wave_extractor,NSE_FO|63937,BUY,65,122.2,107.6,2026-07-23T11:57:20.966420,2026-07-23T12:27:18.271197,-1007.09,CLOSED,1,STOP_LOSS
bc36138c-06fa-4cca-b4cb-2b287f32e8c4,wave_extractor,NSE_FO|63937,BUY,65,108.0,93.3,2026-07-23T12:30:26.502088,2026-07-23T12:36:35.065227,-1012.2,CLOSED,1,STOP_LOSS
60eac37e-ed3b-451f-aff2-8ac3bf0fd365,bn_survivor,NSE_FO|61883,SELL,15,74.3,76.0,2026-07-23T15:04:03.057667,2026-07-23T15:10:00.083000,-74.37,CLOSED,1,EOD
cf7a9a15-c3c8-4e45-b25e-a4c429b9ba3a,survivor,NSE_FO|63916,SELL,65,24.9,24.5,2026-07-23T15:07:07.052698,2026-07-23T15:10:01.934221,-23.61,CLOSED,1,EOD
91ef7dcb-30ab-4811-88b7-05c15fc5e043,wave_extractor,NSE_FO|63933,BUY,65,55.7,140.8,2026-07-24T10:02:54.214751,2026-07-24T10:51:53.775837,5473.1,CLOSED,1,TRAILING_PROFIT
ab791cb1-e97f-4502-bace-edef36a21279,bn_survivor,NSE_FO|61871,SELL,15,70.8,69.4,2026-07-24T10:52:36.456199,2026-07-24T10:58:11.396072,-27.78,CLOSED,1,LOSS_LIMIT
73143e16-d441-486f-9376-9caab33f3bbc,survivor,NSE_FO|63939,SELL,65,26.7,27.0,2026-07-24T10:54:35.250800,2026-07-24T10:58:09.843732,-69.3,CLOSED,1,LOSS_LIMIT
2803f2f6-b87b-45d5-bbf9-0003b3c9ac33,wave_extractor,NSE_FO|63933,SELL,65,74.7,136.2,2026-07-24T10:58:02.919991,2026-07-24T10:58:03.224506,-4053.77,CLOSED,1,"ORPHANED: bad tick data (last_price spike, fixed to mid_price 2026-07-24)"
a3039dfd-60dd-4c4c-a2ab-e38c79810790,wave_extractor,NSE_FO|63933,SELL,65,74.6,136.3,2026-07-24T10:58:08.055900,2026-07-24T10:58:08.172763,-4066.76,CLOSED,1,"ORPHANED: bad tick data (last_price spike, fixed to mid_price 2026-07-24)"
52d8dc42-817c-4d66-8dec-d4ce380a4d78,wave_extractor,NSE_FO|63933,BUY,65,114.3,54.0,2026-07-24T10:58:09.174994,2026-07-24T10:58:09.637490,-3973.72,CLOSED,1,"ORPHANED: bad tick data (last_price spike, fixed to mid_price 2026-07-24)"
36bac2f1-fe25-484b-89d7-d8f9db3fdd57,bn_survivor,NSE_FO|61871,SELL,15,66.2,79.5,2026-07-24T11:42:32.961401,2026-07-24T11:50:17.968262,-248.28,CLOSED,1,REGIME_CHANGE
009b94ee-9a0f-496c-aff3-ade51b278eac,survivor,NSE_FO|63910,SELL,65,27.2,24.6,2026-07-24T11:42:47.135008,2026-07-24T11:50:18.658326,119.23,CLOSED,1,REGIME_CHANGE
5c55e490-50d2-4e3d-a1dd-c7dc0343a8d1,wave_extractor,NSE_FO|63925,SELL,65,134.3,149.9,2026-07-24T11:50:07.948881,2026-07-24T12:04:59.407267,-1074.71,CLOSED,1,STOP_LOSS
36f5958a-e908-47b1-8ba9-683b629158a6,wave_extractor,NSE_FO|63925,BUY,65,139.4,192.3,2026-07-24T12:10:21.299676,2026-07-24T12:28:57.012545,3374.15,CLOSED,1,TRAILING_PROFIT
ae2d61e7-caeb-420c-92bf-0475a56a8d47,wave_extractor,NSE_FO|63925,SELL,65,202.0,123.5,2026-07-24T12:31:21.300161,2026-07-24T14:20:57.565917,5037.97,CLOSED,1,TRAILING_PROFIT
dcde0662-aab2-47b3-9603-fbd989e42cc5,bn_survivor,NSE_FO|61887,SELL,15,59.6,56.3,2026-07-24T14:05:19.971627,2026-07-24T14:08:02.372097,-53.73,CLOSED,1,REGIME_CHANGE
4c8c74e9-2ade-42c6-ac8d-0aa0676a8592,bn_survivor,NSE_FO|BANKNIFTY28JUL2658200CE,BUY,15,1.0,0.5,2026-07-24T14:05:20.037221,2026-07-24T14:08:02.357030,-7.5,CLOSED,1,HEDGE_EXIT_REGIME_CHANGE
cfb7e7e3-d026-4808-88d5-56504648adea,survivor,NSE_FO|63945,SELL,65,24.6,24.6,2026-07-24T14:06:24.389804,2026-07-24T14:08:03.168444,-129.35,CLOSED,1,REGIME_CHANGE
0fa39182-5beb-4e55-8e6c-495b49e93bb4,survivor,NSE_FO|NIFTY28JUL2624300CE,BUY,65,1.0,0.5,2026-07-24T14:06:24.439336,2026-07-24T14:08:03.155090,-32.5,CLOSED,1,HEDGE_EXIT_REGIME_CHANGE
ea3eb85b-a256-4cb4-b45b-718d8dc9d719,survivor,NSE_FO|63945,SELL,65,21.1,16.9,2026-07-24T14:14:11.255375,2026-07-24T15:10:02.588199,223.88,CLOSED,1,EOD
9003656e-7322-4368-b4b4-4ac605a86ee5,survivor,NSE_FO|NIFTY28JUL2624300CE,BUY,65,1.0,8.9,2026-07-24T14:14:11.264311,2026-07-24T14:27:35.470956,-561.03,CLOSED,1,TP_HIT|PNL_SIGN_BUG_IGNORE
59569ade-f9c3-4fa8-9754-93a68604bb80,bn_survivor,NSE_FO|61832,SELL,15,68.7,67.1,2026-07-24T14:28:10.151818,2026-07-24T15:10:00.857338,-24.73,CLOSED,1,EOD
74c2d2d4-5e07-4182-83a6-d30d7d7f62b1,bn_survivor,NSE_FO|BANKNIFTY28JUL2655500PE,BUY,15,1.0,41.3,2026-07-24T14:28:10.246294,2026-07-24T15:10:00.168752,-652.0,CLOSED,1,EOD|PNL_SIGN_BUG_IGNORE
568b7c26-fbbf-473b-a5d5-1dda5d3fb69a,wave_extractor,NSE_FO|63937,SELL,65,83.4,98.9,2026-07-27T09:41:44.829946,2026-07-27T14:03:49.595221,-1063.26,CLOSED,1,STOP_LOSS
dbf82691-d783-4393-8d58-341e758c0878,bn_survivor,NSE_FO|61864,SELL,15,116.5,127.4,2026-07-27T12:47:02.450179,2026-07-27T13:09:48.887207,-213.39,CLOSED,1,REGIME_CHANGE
864f4395-444d-461f-a1d6-57487abbafdf,bn_survivor,NSE_FO|BANKNIFTY28JUL2656600PE,BUY,15,3.4,57.9,2026-07-27T12:47:02.538404,2026-07-27T12:54:29.543969,-865.14,CLOSED,1,TP_HIT|PNL_SIGN_BUG_IGNORE
1370880a-9e44-45dc-9224-6917de64e237,survivor,NSE_FO|63930,SELL,65,17.3,16.9,2026-07-27T12:48:37.061928,2026-07-27T13:09:49.644144,-22.87,CLOSED,1,REGIME_CHANGE
64e8989f-dd53-4a17-9ef5-29897e4cef40,survivor,NSE_FO|NIFTY28JUL2623650PE,BUY,65,19.6,6.9,2026-07-27T12:48:37.072566,2026-07-27T12:49:03.514149,776.77,CLOSED,1,SL_HIT|PNL_SIGN_BUG_IGNORE
4aa82ff6-bea0-4df6-ae1e-b4cc20e35f55,survivor,NSE_FO|63943,SELL,65,20.4,20.8,2026-07-27T13:29:07.640222,2026-07-27T13:57:09.644878,-812.75,CLOSED,1,REGIME_CHANGE
dd7eb99b-b816-4f7f-ad7f-f22669b71f31,survivor,NSE_FO|NIFTY28JUL2624250CE,BUY,65,21.3,10.7,2026-07-27T13:29:07.650946,2026-07-27T13:57:09.604842,-689.0,CLOSED,1,HEDGE_EXIT_REGIME_CHANGE
50038900-a652-471c-9cab-f02c4ea9ed26,survivor,NSE_FO|63934,SELL,65,16.1,17.5,2026-07-27T14:39:42.438481,2026-07-27T14:48:17.213028,-864.32,CLOSED,1,REGIME_CHANGE
c5c33cc3-afb6-4ae7-aa43-9b02fd8ee2d5,survivor,NSE_FO|NIFTY28JUL2623700PE,BUY,65,20.8,10.4,2026-07-27T14:39:42.454147,2026-07-27T14:48:17.196208,-676.0,CLOSED,1,HEDGE_EXIT_REGIME_CHANGE
22e77bf1-3d99-47ba-82f2-477981861bde,bn_survivor,NSE_FO|61871,SELL,15,162.9,177.5,2026-07-27T14:44:09.652584,2026-07-27T14:48:17.960394,-389.29,CLOSED,1,LOSS_LIMIT
8e61eb54-edd2-4007-9ecf-1dcf80e4d146,bn_survivor,NSE_FO|BANKNIFTY28JUL2657500CE,BUY,15,9.6,4.8,2026-07-27T14:44:09.664382,2026-07-27T14:48:17.942398,-72.0,CLOSED,1,HEDGE_EXIT_LOSS_LIMIT
6b96b899-e1c8-461a-aa83-4f67a4e864a7,wave_extractor,NSE_FO|63937,SELL,65,42.7,48.2,2026-07-28T13:18:26.992326,2026-07-28T13:51:02.961861,-409.01,CLOSED,1,EOD
a2f204e4-02bb-4016-800b-7df8c3357563,survivor,NSE_FO|63940,SELL,65,33.7,30.4,2026-07-28T13:29:12.296506,2026-07-28T13:34:03.870344,-1087.93,CLOSED,1,REGIME_CHANGE
daa5533e-7723-4f43-baa8-ea7d9a9f92ff,survivor,NSE_FO|NIFTY28JUL2623850PE,BUY,65,37.1,18.6,2026-07-28T13:29:12.308243,2026-07-28T13:34:03.851013,-1202.5,CLOSED,1,HEDGE_EXIT_REGIME_CHANGE
57cfad3c-fc0e-4a0d-8e87-cd853bd200ed,bn_survivor,NSE_FO|61858,SELL,15,66.7,77.4,2026-07-28T13:40:50.740146,2026-07-28T13:51:03.170574,-408.27,CLOSED,1,LOSS_LIMIT
1d38b3ca-1a3e-4f99-a5e7-f6aaaf44a1ed,bn_survivor,NSE_FO|BANKNIFTY28JUL2657100CE,BUY,15,20.3,10.2,2026-07-28T13:40:50.848416,2026-07-28T13:51:03.153661,-151.5,CLOSED,1,HEDGE_EXIT_LOSS_LIMIT
ec2fb763-339b-4d25-b080-5f1577aa6c5e,survivor,NSE_FO|63937,SELL,65,34.7,48.0,2026-07-28T13:48:39.131941,2026-07-28T13:51:02.268432,-2200.06,CLOSED,1,SL_HIT
b99b3d74-5335-4d21-a8c3-678d2b2ae1e8,survivor,NSE_FO|NIFTY28JUL2624100CE,BUY,65,38.0,19.0,2026-07-28T13:48:39.145431,2026-07-28T13:51:02.245562,-1235.0,CLOSED,1,HEDGE_EXIT_SL_HIT
7250b524-9ae5-41ff-a362-3474381a2a9c,wave_extractor,NSE_FO|65693,SELL,65,272.7,291.6,2026-07-29T09:38:20.951160,2026-07-29T09:40:31.717649,-1302.76,CLOSED,1,STOP_LOSS
8e7f8590-92cf-4d70-ae23-3fe855568b99,wave_extractor,NSE_FO|65693,BUY,65,279.1,261.2,2026-07-29T09:41:51.504210,2026-07-29T09:58:56.913986,-1236.62,CLOSED,1,STOP_LOSS
15a21548-34ea-41a7-81e3-6c0c6603bc11,wave_extractor,NSE_FO|65693,SELL,65,279.8,298.0,2026-07-29T10:06:35.460699,2026-07-29T11:09:01.567241,-1257.93,CLOSED,1,STOP_LOSS
bd04f09f-bf69-4752-8d4b-a20cbd2c6ac3,wave_extractor,NSE_FO|65806,BUY,65,119.7,104.9,2026-07-30T09:33:41.711845,2026-07-30T09:40:45.018029,-1019.83,CLOSED,1,STOP_LOSS
a8e01810-e088-4b8d-9aa6-bd63a4e79ec2,survivor,NSE_FO|65690,SELL,65,25.0,24.2,2026-07-30T09:38:24.452362,2026-07-30T09:53:07.885523,-77.37,CLOSED,1,REGIME_CHANGE
be153bff-67ee-4e41-a91a-eb4d335e8b73,survivor,NSE_FO|NIFTY04AUG2623750PE,BUY,65,1.0,0.5,2026-07-30T09:38:24.463888,2026-07-30T09:53:07.865516,-32.5,CLOSED,1,HEDGE_EXIT_REGIME_CHANGE
c515ebd7-1b1a-42a7-9a45-9cd19d85fd80,wave_extractor,NSE_FO|65806,BUY,65,112.0,97.5,2026-07-30T09:54:22.507318,2026-07-30T10:20:40.511160,-999.6,CLOSED,1,STOP_LOSS
2b8f52d2-f14c-4148-9ccf-65ed3c715fe7,survivor,NSE_FO|65690,SELL,65,24.0,27.1,2026-07-30T09:55:43.237056,2026-07-30T10:15:01.789579,-330.88,CLOSED,1,REGIME_CHANGE
62a75f55-006b-4e0c-b063-ef94829028d8,survivor,NSE_FO|NIFTY04AUG2623750PE,BUY,65,1.0,0.5,2026-07-30T09:55:43.250787,2026-07-30T10:15:01.773889,-32.5,CLOSED,1,HEDGE_EXIT_REGIME_CHANGE
9418e2bd-7f79-4676-8ece-870ec2e2ae24,wave_extractor,NSE_FO|65806,BUY,65,98.7,136.3,2026-07-30T10:25:57.601955,2026-07-30T12:32:57.763292,2384.65,CLOSED,1,TRAILING_PROFIT
a3b4f592-1153-4064-ba53-bac1f49e629d,survivor,NSE_FO|65692,SELL,65,27.9,27.9,2026-07-30T11:11:59.331628,2026-07-30T11:17:01.668530,-201.32,CLOSED,1,REGIME_CHANGE
22c71c45-1cda-4b2f-9ebd-212a30fcf78e,survivor,NSE_FO|NIFTY04AUG2623800PE,BUY,65,3.2,1.6,2026-07-30T11:11:59.354878,2026-07-30T11:17:01.652005,-104.0,CLOSED,1,HEDGE_EXIT_REGIME_CHANGE
ec6f1044-d4cb-41fc-ae5e-8e43e6838f67,wave_extractor,NSE_FO|65860,SELL,65,33.6,46.6,2026-07-31T09:41:36.282725,2026-07-31T12:40:06.005415,-895.84,CLOSED,1,STOP_LOSS
acb942cc-1e07-49e5-9c5e-189a24803780,bn_survivor,NSE_FO|59151,SELL,30,139.7,147.7,2026-07-31T11:10:17.455489,2026-07-31T11:17:48.342235,-355.81,CLOSED,1,REGIME_CHANGE
194c3f79-66a3-44fa-aeda-939bf0372730,bn_survivor,NSE_FO|BANKNIFTY25AUG2659600CE,BUY,30,1.0,0.5,2026-07-31T11:10:17.470748,2026-07-31T11:17:48.308854,-15.0,CLOSED,1,HEDGE_EXIT_REGIME_CHANGE
4ffb6d23-cde3-48e7-a36d-7885396fcf14,wave_extractor,NSE_FO|65860,SELL,65,49.4,40.3,2026-07-31T12:44:32.096370,2026-07-31T15:10:00.448708,539.76,CLOSED,1,EOD
6eba716c-203e-434f-a13a-616e4b336e80,wave_extractor,NSE_FO|65854,BUY,65,187.4,172.3,2026-08-03T10:01:55.802491,2026-08-03T15:09:06.459157,-1045.89,CLOSED,1,STOP_LOSS
f3d3e9c5-91a0-4ce9-8a07-db6f77b0b78e,wave_extractor,NSE_FO|65860,SELL,65,53.4,44.7,2026-08-04T12:30:41.697212,2026-08-04T12:51:13.355853,513.36,CLOSED,1,TRAILING_PROFIT
6802d465-1e14-4ebf-b3d9-e8d38cf191d5,wave_extractor,NSE_FO|65860,BUY,65,40.5,27.7,2026-08-04T12:52:31.691837,2026-08-04T13:14:21.625893,-882.27,CLOSED,1,STOP_LOSS
9d19a9d2-6eff-4c33-845a-f52b82a3dc11,wave_extractor,NSE_FO|65860,SELL,65,34.5,20.5,2026-08-04T13:23:43.508691,2026-08-04T13:44:42.757894,859.86,CLOSED,1,TRAILING_PROFIT
a506befd-5bb7-468e-9008-e29168120c60,wave_extractor,NSE_FO|65858,SELL,65,54.8,67.8,2026-08-04T14:45:05.984590,2026-08-04T14:55:03.464879,-897.9,CLOSED,1,STOP_LOSS
dff4d591-f30c-49ce-92c6-3bc85b55f27a,survivor,NSE_FO|65855,SELL,65,16.4,9.2,2026-08-04T14:50:51.909447,2026-08-04T15:00:17.478699,-565.59,CLOSED,1,TP_HIT
35592800-9d3f-455c-b6ce-ec4391df5daf,survivor,NSE_FO|NIFTY04AUG2624250PE,BUY,65,28.7,14.3,2026-08-04T14:50:51.933108,2026-08-04T15:00:17.457943,-936.0,CLOSED,1,HEDGE_EXIT_TP_HIT
7b028f4f-15c0-4968-9962-6cd955acb6fc,bn_survivor,NSE_FO|59024,SELL,15,152.5,159.3,2026-08-04T14:50:57.440665,2026-08-04T15:04:32.199422,-207.39,CLOSED,1,REGIME_CHANGE
b5a37e64-d797-496d-b456-217d29c3d444,bn_survivor,NSE_FO|BANKNIFTY25AUG2655400PE,BUY,15,1.0,0.5,2026-08-04T14:50:57.450734,2026-08-04T15:04:32.180866,-7.5,CLOSED,1,HEDGE_EXIT_REGIME_CHANGE
ee132b27-a71c-47e3-99ac-f0790bb629dc,survivor,NSE_FO|65867,SELL,65,20.4,19.8,2026-08-04T15:01:39.211094,2026-08-04T15:04:31.439807,-910.54,CLOSED,1,REGIME_CHANGE
2cb22dbf-cf30-4549-899c-9435389bc323,survivor,NSE_FO|NIFTY04AUG2624700CE,BUY,65,26.3,13.2,2026-08-04T15:01:39.241312,2026-08-04T15:04:31.375216,-851.5,CLOSED,1,HEDGE_EXIT_REGIME_CHANGE
fd124443-dc93-40ae-9ef4-081ed1285122,wave_extractor,NSE_FO|65858,BUY,65,57.9,63.3,2026-08-04T15:04:11.531210,2026-08-04T15:10:00.593997,297.81,CLOSED,1,EOD
cc528573-5207-473d-b8d6-60cdd8aae8d6,wave_extractor,NSE_FO|41015,SELL,65,169.3,183.5,2026-08-05T09:32:42.004802,2026-08-05T10:58:49.990518,-987.07,CLOSED,1,STOP_LOSS
ced9e24c-06dc-4f62-ae71-840ff7b4acfb,bn_survivor,NSE_FO|59046,SELL,30,141.8,159.1,2026-08-05T09:47:37.966031,2026-08-05T09:56:32.178139,-635.03,CLOSED,1,REGIME_CHANGE
b138483a-13f5-40e1-93bf-fc1e12ca8275,bn_survivor,NSE_FO|BANKNIFTY25AUG2655900PE,BUY,30,1.0,0.5,2026-08-05T09:47:38.037122,2026-08-05T09:56:32.159310,-15.0,CLOSED,1,HEDGE_EXIT_REGIME_CHANGE
88951ee6-57ac-46eb-9f1b-03688d1bfb20,bn_survivor,NSE_FO|59046,SELL,30,139.6,169.8,2026-08-05T10:21:16.570902,2026-08-05T10:26:57.058145,-1022.1,CLOSED,1,SL_HIT
354e4045-c3aa-45c8-8e84-52cf776cee45,bn_survivor,NSE_FO|BANKNIFTY25AUG2655900PE,BUY,30,1.0,0.5,2026-08-05T10:21:16.582706,2026-08-05T10:26:57.034412,-15.0,CLOSED,1,HEDGE_EXIT_SL_HIT
1e244883-accd-4736-8b40-2059cfcf1507,bn_survivor,NSE_FO|59043,SELL,30,148.6,146.3,2026-08-05T10:48:15.667839,2026-08-05T10:57:33.996523,-47.07,CLOSED,1,REGIME_CHANGE
f0842ad4-62f3-45ff-a068-e1f0479cdb00,bn_survivor,NSE_FO|BANKNIFTY25AUG2655800PE,BUY,30,1.0,0.5,2026-08-05T10:48:15.729697,2026-08-05T10:57:33.977841,-15.0,CLOSED,1,HEDGE_EXIT_REGIME_CHANGE
ce3b2c45-3e95-48e1-bfec-74a59e371631,wave_extractor,NSE_FO|41015,SELL,65,185.8,200.3,2026-08-05T11:00:45.182523,2026-08-05T15:07:31.574147,-1008.18,CLOSED,1,STOP_LOSS
c2a720b7-62b6-4eb3-a8de-7ff65bbcc925,bn_survivor,NSE_FO|59024,SELL,15,154.2,145.9,2026-08-05T14:33:55.970314,2026-08-05T15:07:31.735622,19.17,CLOSED,1,LOSS_LIMIT
3f54b3c8-9f85-458e-9c24-bfc8f98ea555,bn_survivor,NSE_FO|BANKNIFTY25AUG2655400PE,BUY,15,1.0,0.5,2026-08-05T14:33:56.050991,2026-08-05T15:07:31.715862,-7.5,CLOSED,1,HEDGE_EXIT_LOSS_LIMIT
f21f1197-f0a2-4683-8ba3-cd497adef3eb,survivor,NSE_FO|40996,SELL,65,27.9,19.5,2026-08-05T14:36:29.235407,2026-08-05T15:07:32.478757,416.57,CLOSED,1,LOSS_LIMIT
78ca8f67-be65-4129-b4ac-89d2970c611e,survivor,NSE_FO|NIFTY11AUG2623950PE,BUY,65,1.0,0.5,2026-08-05T14:36:29.245512,2026-08-05T15:07:32.457260,-32.5,CLOSED,1,HEDGE_EXIT_LOSS_LIMIT
561a2348-1151-4807-98a5-19fe3009937f,wave_extractor,NSE_FO|41015,SELL,65,167.2,181.4,2026-08-06T10:07:27.557734,2026-08-06T10:24:49.913422,-986.87,CLOSED,1,STOP_LOSS
eb890d1a-cc2c-4a77-af9a-d54e2f17f95a,survivor,NSE_FO|41004,SELL,65,29.4,33.0,2026-08-06T10:13:52.067704,2026-08-06T10:18:22.083553,-389.97,CLOSED,1,REGIME_CHANGE
6685d282-5b34-483e-9c01-92803724ea4d,survivor,NSE_FO|NIFTY11AUG2624150PE,BUY,65,1.7,0.8,2026-08-06T10:13:52.132031,2026-08-06T10:18:22.064647,-58.5,CLOSED,1,HEDGE_EXIT_REGIME_CHANGE
474eca14-5b2e-49bd-aea5-9cf3a9d74158,wave_extractor,NSE_FO|41015,BUY,65,177.1,163.0,2026-08-06T10:25:51.262878,2026-08-06T10:53:06.265710,-979.95,CLOSED,1,STOP_LOSS
88fc04c0-d9e2-4b12-9c01-961f768f2ae1,survivor,NSE_FO|41004,SELL,65,30.2,33.9,2026-08-06T10:29:13.214873,2026-08-06T10:51:54.225735,-390.04,CLOSED,1,REGIME_CHANGE
8bfecd24-3397-44b2-832f-93f423e6aa36,survivor,NSE_FO|NIFTY11AUG2624150PE,BUY,65,1.6,0.8,2026-08-06T10:29:13.234540,2026-08-06T10:51:54.206865,-52.0,CLOSED,1,HEDGE_EXIT_REGIME_CHANGE
0ab44bc4-9b9d-4698-a7e2-fa6734b29bd3,wave_extractor,NSE_FO|41015,SELL,65,169.7,183.9,2026-08-06T10:54:29.371589,2026-08-06T11:11:46.025078,-987.11,CLOSED,1,STOP_LOSS
7568cc33-f2cd-4583-9289-0b2e492980c5,survivor,NSE_FO|41004,SELL,65,28.9,30.0,2026-08-06T11:11:44.711042,2026-08-06T11:11:46.365424,-201.3,CLOSED,1,LOSS_LIMIT
43fb38cc-d8bf-44ef-89b2-25e287e4cdd2,survivor,NSE_FO|NIFTY11AUG2624150PE,BUY,65,1.0,0.5,2026-08-06T11:11:44.742400,2026-08-06T11:11:46.322301,-32.5,CLOSED,1,HEDGE_EXIT_LOSS_LIMIT
b46313f0-6d7b-41b0-82ff-3b5123045deb,wave_extractor,NSE_FO|41017,SELL,65,123.4,113.6,2026-08-07T09:50:44.803728,2026-08-07T13:55:47.561073,578.1,CLOSED,1,TRAILING_PROFIT
40cf3791-3512-43cf-9723-ba4ce5972c50,survivor,NSE_FO|41004,SELL,65,26.9,36.0,2026-08-07T13:51:28.539058,2026-08-07T14:07:11.955200,-910.22,CLOSED,1,REGIME_CHANGE
e9878c5e-6893-45c9-bd25-6bf244afae98,survivor,NSE_FO|NIFTY11AUG2624150PE,BUY,65,6.9,3.5,2026-08-07T13:51:28.549845,2026-08-07T14:07:11.838844,-221.0,CLOSED,1,HEDGE_EXIT_REGIME_CHANGE
65c1a72e-2b46-4438-8e1a-0b9d09ae158e,bn_survivor,NSE_FO|59161,SELL,15,121.0,111.0,2026-08-07T13:54:19.240978,2026-08-07T14:07:10.858940,45.43,CLOSED,1,REGIME_CHANGE
3e61a5e5-2391-474f-adc0-9f1e2b934a2c,bn_survivor,NSE_FO|BANKNIFTY25AUG2660000CE,BUY,15,1.0,0.5,2026-08-07T13:54:19.251223,2026-08-07T14:07:10.787312,-7.5,CLOSED,1,HEDGE_EXIT_REGIME_CHANGE
09968bba-21ab-41ba-a6a2-b0b2d6ce0c8d,wave_extractor,NSE_FO|41017,BUY,65,94.1,79.2,2026-08-07T14:06:41.813497,2026-08-07T14:06:42.688539,-1023.83,CLOSED,1,STOP_LOSS
0c9624de-7f47-4e89-ace0-004cdfde1117,wave_extractor,NSE_FO|41017,BUY,65,91.0,77.8,2026-08-07T14:06:47.632774,2026-08-07T14:06:47.789064,-913.15,CLOSED,1,STOP_LOSS
793ddadc-9e44-4eb0-959e-bcc2c3bfe0f5,wave_extractor,NSE_FO|41017,SELL,65,97.3,86.7,2026-08-07T14:06:48.681517,2026-08-07T14:47:59.365353,632.65,CLOSED,1,TRAILING_PROFIT
0cd799d0-cd57-4aea-8064-65fd21ebaf56,wave_extractor,NSE_FO|41013,BUY,65,96.5,134.4,2026-08-10T09:53:29.063294,2026-08-10T10:45:50.070638,2404.35,CLOSED,1,TRAILING_PROFIT
32d0625c-3891-474b-8796-8d2e834b93e4,survivor,NSE_FO|41006,SELL,65,18.1,16.7,2026-08-10T10:20:34.172404,2026-08-10T10:24:02.031072,-415.42,CLOSED,1,REGIME_CHANGE
22e0b74d-b4ea-4362-ab86-e735995b8998,survivor,NSE_FO|NIFTY11AUG2624200PE,BUY,65,12.6,6.3,2026-08-10T10:20:34.354293,2026-08-10T10:24:02.008283,-409.5,CLOSED,1,HEDGE_EXIT_REGIME_CHANGE
d136dee2-2802-4e04-99b0-081c422bd6fc,wave_extractor,NSE_FO|41013,BUY,65,130.9,117.2,2026-08-10T10:47:41.973717,2026-08-10T11:45:28.170165,-949.49,CLOSED,1,STOP_LOSS
1e7b3bdb-ac4d-466f-9053-daac66ded391,wave_extractor,NSE_FO|41013,BUY,65,128.1,114.5,2026-08-10T12:24:06.564268,2026-08-10T13:01:51.116432,-942.73,CLOSED,1,STOP_LOSS
5a485487-d6f6-41a8-87b3-e39f70df4c29,survivor,NSE_FO|41020,SELL,65,36.2,37.2,2026-08-10T15:09:04.232496,2026-08-10T15:10:00.300234,-840.27,CLOSED,1,EOD
0bdd2e0c-3e06-41f4-bb78-a10298a4d090,survivor,NSE_FO|NIFTY11AUG2624850CE,BUY,65,20.8,10.4,2026-08-10T15:09:04.249348,2026-08-10T15:10:00.279596,-676.0,CLOSED,1,HEDGE_EXIT_EOD
d596a393-1926-4d7f-a492-3275af46834f,wave_extractor,NSE_FO|41011,BUY,65,67.8,54.9,2026-08-11T09:31:58.021981,2026-08-11T09:43:14.211022,-891.41,CLOSED,1,STOP_LOSS
f434c79e-7355-444a-b26a-fde6d8e36318,wave_extractor,NSE_FO|41011,BUY,65,53.9,40.9,2026-08-11T09:46:49.308225,2026-08-11T11:00:20.965876,-896.56,CLOSED,1,STOP_LOSS
e52daab0-3560-4a28-b3c5-0661f337f479,wave_extractor,NSE_FO|41011,BUY,65,35.8,23.2,2026-08-11T11:04:17.231745,2026-08-11T12:03:24.118734,-868.83,CLOSED,1,STOP_LOSS
013a67af-e4a0-474b-a423-161a03a023a1,wave_extractor,NSE_FO|45108,BUY,65,152.3,138.5,2026-08-12T09:37:45.417344,2026-08-12T09:45:50.076951,-958.07,CLOSED,1,STOP_LOSS
e9264d90-0f0f-4206-bccf-d2158fe7c952,wave_extractor,NSE_FO|45108,BUY,65,135.9,122.3,2026-08-12T09:47:01.469490,2026-08-12T09:58:10.622823,-943.49,CLOSED,1,STOP_LOSS
21eb0722-860f-40f1-9609-883526912093,wave_extractor,NSE_FO|45108,BUY,65,115.3,101.8,2026-08-12T10:24:28.484003,2026-08-12T10:58:11.676844,-934.99,CLOSED,1,STOP_LOSS
7100b2dc-ce3f-4652-9d25-e9df0e104e03,wave_extractor,NSE_FO|45102,BUY,65,169.5,155.5,2026-08-12T11:02:14.963581,2026-08-12T11:54:59.151674,-972.72,CLOSED,1,STOP_LOSS
3106dae7-0fd9-4b13-8698-34cbd0cec60a,survivor,NSE_FO|45095,SELL,130,23.9,25.9,2026-08-13T10:04:34.566959,2026-08-13T10:21:08.340821,-1036.49,CLOSED,1,REGIME_CHANGE
f40614d9-e0bc-40ef-8cca-0a29d5b4a392,survivor,NSE_FO|NIFTY18AUG2623950PE,BUY,130,10.4,5.2,2026-08-13T10:04:34.663414,2026-08-13T10:21:08.274998,-676.0,CLOSED,1,HEDGE_EXIT_REGIME_CHANGE
8771a73d-e5fb-4129-b61f-3d6cab5ace89,bn_survivor,NSE_FO|59149,SELL,30,86.6,85.8,2026-08-13T10:12:03.660224,2026-08-13T10:21:09.361377,-89.31,CLOSED,1,REGIME_CHANGE
43c3ce1f-9e46-4305-baf4-bd1f533279f3,bn_survivor,NSE_FO|BANKNIFTY25AUG2659500CE,BUY,30,1.0,0.5,2026-08-13T10:12:03.670664,2026-08-13T10:21:09.236065,-15.0,CLOSED,1,HEDGE_EXIT_REGIME_CHANGE
3fa1895a-692b-4a91-a0a0-f97a473bc3d5,wave_extractor,NSE_FO|45104,BUY,65,126.0,112.5,2026-08-13T10:23:19.526535,2026-08-13T11:14:26.284922,-936.03,CLOSED,1,STOP_LOSS
0fa942f1-3faf-4572-9a92-5661d2ca0120,bn_survivor,NSE_FO|59056,SELL,30,112.7,124.0,2026-08-13T10:52:10.873564,2026-08-13T11:05:30.361296,-453.63,CLOSED,1,TP_HIT
d4c0bf44-2d2c-4472-bc73-c8c20d939368,bn_survivor,NSE_FO|BANKNIFTY25AUG2656200PE,BUY,30,1.0,86.8,2026-08-13T10:52:10.885573,2026-08-13T11:05:28.640431,2524.07,CLOSED,1,TP_HIT
0432ce55-5438-4189-a89e-4d1da6370411,survivor,NSE_FO|45120,SELL,130,23.7,22.0,2026-08-13T10:58:51.055370,2026-08-13T11:08:30.992290,169.29,CLOSED,1,REGIME_CHANGE
60d49992-353c-4441-84ba-625c5c7b7b1d,survivor,NSE_FO|NIFTY18AUG2624800CE,BUY,130,3.8,8.3,2026-08-13T10:58:51.067037,2026-08-13T11:05:10.041548,536.45,CLOSED,1,TP_HIT
2695be56-520d-44f8-b0e1-4274c633328e,wave_extractor,NSE_FO|45104,SELL,65,132.9,146.8,2026-08-13T11:14:26.574510,2026-08-13T11:15:52.529977,-964.03,CLOSED,1,STOP_LOSS
3ef01d9c-2442-4e5f-8b97-5354bf365999,wave_extractor,NSE_FO|45104,BUY,65,126.0,174.8,2026-08-13T11:15:53.278985,2026-08-13T11:56:37.100719,3109.23,CLOSED,1,TRAILING_PROFIT
bfc78191-06c8-44a5-a6f9-e621d7199b2c,survivor,NSE_FO|45095,SELL,130,22.8,21.6,2026-08-13T11:25:19.432636,2026-08-13T11:32:23.272056,-737.29,CLOSED,1,REGIME_CHANGE
bf66352d-0dc8-4c4f-9c4c-d99210f94572,survivor,NSE_FO|NIFTY18AUG2623950PE,BUY,130,12.1,6.0,2026-08-13T11:25:19.444419,2026-08-13T11:32:23.248900,-793.0,CLOSED,1,HEDGE_EXIT_REGIME_CHANGE
e4674f60-d79b-45ae-814c-8d2e97b26286,bn_survivor,NSE_FO|59050,SELL,30,106.2,107.0,2026-08-13T11:25:23.069392,2026-08-13T11:32:24.062259,-138.21,CLOSED,1,REGIME_CHANGE
522b6df5-00d6-4271-8b11-41dd9e658fe1,bn_survivor,NSE_FO|BANKNIFTY25AUG2656100PE,BUY,30,1.0,0.5,2026-08-13T11:25:23.080498,2026-08-13T11:32:24.032129,-15.0,CLOSED,1,HEDGE_EXIT_REGIME_CHANGE
775b383c-ab3a-4d57-b6a4-bccd397bd13f,wave_extractor,NSE_FO|45104,BUY,65,157.3,141.8,2026-08-13T11:56:37.840627,2026-08-13T11:56:38.425757,-1068.93,CLOSED,1,STOP_LOSS
5fdb2753-d550-4d32-93cb-f765889b9da6,bn_survivor,NSE_FO|59147,SELL,30,95.6,103.8,2026-08-13T13:13:12.999507,2026-08-13T13:47:00.922315,-359.83,CLOSED,1,REGIME_CHANGE
5880a74f-7713-4275-82aa-365008346e0e,bn_survivor,NSE_FO|BANKNIFTY25AUG2659400CE,BUY,30,1.0,0.5,2026-08-13T13:13:13.048869,2026-08-13T13:47:00.904009,-15.0,CLOSED,1,HEDGE_EXIT_REGIME_CHANGE
7250c7ba-81ec-4ab1-8ab2-727ae343c1bf,bn_survivor,NSE_FO|59147,SELL,30,94.4,100.0,2026-08-13T14:14:00.786805,2026-08-13T14:19:59.155159,-281.74,CLOSED,1,TP_HIT
22a94085-f77c-4d7c-91d0-987ee516cfbf,bn_survivor,NSE_FO|BANKNIFTY25AUG2659400CE,BUY,30,1.0,63.3,2026-08-13T14:14:00.851834,2026-08-13T14:19:57.841545,1819.81,CLOSED,1,TP_HIT
bfbe8c6c-9697-4f9c-8f7d-040fd56ad51e,bn_survivor,NSE_FO|59056,SELL,30,103.4,104.5,2026-08-13T14:20:41.862518,2026-08-13T14:49:51.376364,-147.08,CLOSED,1,REGIME_CHANGE
fa1d6979-19af-4222-a827-743483f9fa1f,bn_survivor,NSE_FO|BANKNIFTY25AUG2656200PE,BUY,30,1.0,0.5,2026-08-13T14:20:41.932898,2026-08-13T14:49:51.356720,-15.0,CLOSED,1,HEDGE_EXIT_REGIME_CHANGE
95d60287-b4ce-4a64-8a2c-b686b3a5a203,survivor,NSE_FO|45097,SELL,130,18.8,21.7,2026-08-13T14:20:46.550336,2026-08-13T14:49:50.651292,-1360.94,CLOSED,1,REGIME_CHANGE
583ed264-03a2-4076-bc0e-8a6fde752503,survivor,NSE_FO|NIFTY18AUG2624000PE,BUY,130,13.6,6.8,2026-08-13T14:20:46.652399,2026-08-13T14:49:50.612974,-884.0,CLOSED,1,HEDGE_EXIT_REGIME_CHANGE
0f0bb77b-2b06-4f2a-8f97-ddf5f727b1cc,wave_extractor,NSE_FO|45104,SELL,65,153.6,152.8,2026-08-13T14:55:10.073325,2026-08-13T15:10:00.451907,-10.11,CLOSED,1,EOD
dfe0173b-a1cd-4232-8389-ad3971c7b458,wave_extractor,NSE_FO|45104,BUY,65,107.0,93.6,2026-08-14T09:39:37.210499,2026-08-14T09:55:20.989230,-927.69,CLOSED,1,STOP_LOSS
a408f107-3c7c-4d8d-93bf-0f81a516cd3e,survivor,NSE_FO|45095,SELL,130,15.4,14.7,2026-08-14T09:57:21.468759,2026-08-14T10:04:19.527285,-761.82,CLOSED,1,REGIME_CHANGE
5d339679-6902-4690-a0c2-457eca289ee5,survivor,NSE_FO|NIFTY18AUG2623950PE,BUY,130,11.6,5.8,2026-08-14T09:57:21.550041,2026-08-14T10:04:19.502957,-754.0,CLOSED,1,HEDGE_EXIT_REGIME_CHANGE
d9e6fea1-0e46-4aff-9b77-734ba789c910,wave_extractor,NSE_FO|45104,BUY,65,105.1,91.1,2026-08-14T10:06:21.449835,2026-08-14T10:31:12.442144,-966.47,CLOSED,1,STOP_LOSS
23acc5db-804e-42f3-a4cc-c43f95f058d3,survivor,NSE_FO|45099,SELL,130,29.6,33.8,2026-08-14T10:22:31.175610,2026-08-14T10:31:12.567873,-2053.13,CLOSED,1,LOSS_LIMIT
c5604b7c-6404-46f3-be12-290aa3f8a970,survivor,NSE_FO|NIFTY18AUG2624050PE,BUY,130,21.6,10.8,2026-08-14T10:22:31.201217,2026-08-14T10:31:12.480341,-1404.0,CLOSED,1,HEDGE_EXIT_LOSS_LIMIT
e9e8dcd1-5719-4d96-8ab2-056948b6f4f8,bn_survivor,NSE_FO|59145,SELL,30,82.7,77.7,2026-08-14T10:24:24.457609,2026-08-14T10:31:13.335735,36.93,CLOSED,1,LOSS_LIMIT
7289b4b0-c040-4f45-bd40-0a280d93a778,bn_survivor,NSE_FO|BANKNIFTY25AUG2659300CE,BUY,30,1.0,0.5,2026-08-14T10:24:24.534941,2026-08-14T10:31:13.291070,-15.0,CLOSED,1,HEDGE_EXIT_LOSS_LIMIT
f18dc6eb-8806-4ca0-ab7a-6744d238bd77,survivor,NSE_FO|45099,SELL,130,23.9,26.1,2026-08-17T09:30:48.799292,2026-08-17T09:35:50.646575,-2039.4,CLOSED,1,REGIME_CHANGE
9a5bee28-d8f3-4b0d-a915-a938cbaf633b,survivor,NSE_FO|NIFTY18AUG2624050PE,BUY,130,25.4,12.7,2026-08-17T09:30:48.840447,2026-08-17T09:35:50.552073,-1651.0,CLOSED,1,HEDGE_EXIT_REGIME_CHANGE
f7978699-8b49-4a77-b595-e0ad2b88889d,bn_survivor,NSE_FO|59126,SELL,30,86.5,87.4,2026-08-17T09:31:14.144877,2026-08-17T09:35:49.736237,-140.32,CLOSED,1,REGIME_CHANGE
63f7bed3-7f06-44c7-ab01-a0d6db8647d2,bn_survivor,NSE_FO|BANKNIFTY25AUG2658800CE,BUY,30,1.0,0.5,2026-08-17T09:31:14.329652,2026-08-17T09:35:49.669673,-15.0,CLOSED,1,HEDGE_EXIT_REGIME_CHANGE
09f25903-8c76-41b6-8985-1fb98141a67e,wave_extractor,NSE_FO|45102,SELL,65,67.8,60.9,2026-08-17T09:36:28.889999,2026-08-17T10:00:15.864016,394.91,CLOSED,1,EOD
98189db5-9016-4e5d-ada4-d487015f47c9,survivor,NSE_FO|45099,SELL,130,20.0,24.7,2026-08-17T09:49:46.837029,2026-08-17T10:00:15.131698,-2324.7,CLOSED,1,REGIME_CHANGE
01c377e8-a43c-4763-9011-02b6e78fbd5c,survivor,NSE_FO|NIFTY18AUG2624050PE,BUY,130,24.8,12.4,2026-08-17T09:49:46.856330,2026-08-17T10:00:15.075544,-1612.0,CLOSED,1,HEDGE_EXIT_REGIME_CHANGE
